{
  "delete-student" : {
    "transaction" : "delete-student",
    "sampleCount" : 100,
    "errorCount" : 0,
    "errorPct" : 0.0,
    "meanResTime" : 741.7999999999997,
    "medianResTime" : 716.0,
    "minResTime" : 664.0,
    "maxResTime" : 943.0,
    "pct1ResTime" : 854.9,
    "pct2ResTime" : 889.8,
    "pct3ResTime" : 942.92,
    "throughput" : 30.09328919650918,
    "receivedKBytesPerSec" : 13.04238451700271,
    "sentKBytesPerSec" : 21.541387676798074
  },
  "all-students" : {
    "transaction" : "all-students",
    "sampleCount" : 100,
    "errorCount" : 0,
    "errorPct" : 0.0,
    "meanResTime" : 486.65000000000003,
    "medianResTime" : 473.5,
    "minResTime" : 450.0,
    "maxResTime" : 684.0,
    "pct1ResTime" : 526.0,
    "pct2ResTime" : 542.3499999999999,
    "pct3ResTime" : 682.8499999999995,
    "throughput" : 11.827321111768185,
    "receivedKBytesPerSec" : 6.361805144884683,
    "sentKBytesPerSec" : 7.634628178592549
  },
  "upcoming-exams" : {
    "transaction" : "upcoming-exams",
    "sampleCount" : 50,
    "errorCount" : 0,
    "errorPct" : 0.0,
    "meanResTime" : 494.76000000000005,
    "medianResTime" : 473.0,
    "minResTime" : 447.0,
    "maxResTime" : 687.0,
    "pct1ResTime" : 575.5,
    "pct2ResTime" : 593.4999999999999,
    "pct3ResTime" : 687.0,
    "throughput" : 17.415534656913966,
    "receivedKBytesPerSec" : 14.265771943573668,
    "sentKBytesPerSec" : 10.833687086381051
  },
  "Test" : {
    "transaction" : "Test",
    "sampleCount" : 50,
    "errorCount" : 50,
    "errorPct" : 100.0,
    "meanResTime" : 7826.16,
    "medianResTime" : 7950.5,
    "minResTime" : 6905.0,
    "maxResTime" : 8777.0,
    "pct1ResTime" : 8542.5,
    "pct2ResTime" : 8654.4,
    "pct3ResTime" : 8777.0,
    "throughput" : 5.282620179609086,
    "receivedKBytesPerSec" : 35.81224412308505,
    "sentKBytesPerSec" : 39.98592676967776
  },
  "all-examiners" : {
    "transaction" : "all-examiners",
    "sampleCount" : 50,
    "errorCount" : 0,
    "errorPct" : 0.0,
    "meanResTime" : 520.4000000000002,
    "medianResTime" : 511.0,
    "minResTime" : 454.0,
    "maxResTime" : 615.0,
    "pct1ResTime" : 598.2,
    "pct2ResTime" : 611.35,
    "pct3ResTime" : 615.0,
    "throughput" : 20.07226013649137,
    "receivedKBytesPerSec" : 30.358901420112403,
    "sentKBytesPerSec" : 12.466755319148936
  },
  "Total" : {
    "transaction" : "Total",
    "sampleCount" : 549,
    "errorCount" : 190,
    "errorPct" : 34.60838,
    "meanResTime" : 710.9271402550094,
    "medianResTime" : 596.0,
    "minResTime" : 447.0,
    "maxResTime" : 1862.0,
    "pct1ResTime" : 1157.0,
    "pct2ResTime" : 1400.5,
    "pct3ResTime" : 1754.0,
    "throughput" : 57.84427352228427,
    "receivedKBytesPerSec" : 35.644171122642504,
    "sentKBytesPerSec" : 39.82782208144558
  },
  "create-examiner" : {
    "transaction" : "create-examiner",
    "sampleCount" : 50,
    "errorCount" : 50,
    "errorPct" : 100.0,
    "meanResTime" : 732.0200000000001,
    "medianResTime" : 720.0,
    "minResTime" : 515.0,
    "maxResTime" : 1278.0,
    "pct1ResTime" : 920.5999999999999,
    "pct2ResTime" : 1106.3499999999992,
    "pct3ResTime" : 1278.0,
    "throughput" : 14.723203769140165,
    "receivedKBytesPerSec" : 7.548805119994111,
    "sentKBytesPerSec" : 12.37956879416961
  },
  "create-student" : {
    "transaction" : "create-student",
    "sampleCount" : 50,
    "errorCount" : 50,
    "errorPct" : 100.0,
    "meanResTime" : 945.3600000000001,
    "medianResTime" : 934.0,
    "minResTime" : 760.0,
    "maxResTime" : 1139.0,
    "pct1ResTime" : 1077.9,
    "pct2ResTime" : 1100.3,
    "pct3ResTime" : 1139.0,
    "throughput" : 17.90189760114572,
    "receivedKBytesPerSec" : 9.087310911206588,
    "sentKBytesPerSec" : 15.7515720103831
  },
  "delete-examiner" : {
    "transaction" : "delete-examiner",
    "sampleCount" : 100,
    "errorCount" : 90,
    "errorPct" : 90.0,
    "meanResTime" : 626.9999999999998,
    "medianResTime" : 499.0,
    "minResTime" : 447.0,
    "maxResTime" : 1437.0,
    "pct1ResTime" : 1202.8000000000013,
    "pct2ResTime" : 1289.3999999999999,
    "pct3ResTime" : 1436.5799999999997,
    "throughput" : 26.130128037627383,
    "receivedKBytesPerSec" : 10.724580284818396,
    "sentKBytesPerSec" : 18.57688790175072
  },
  "admin-login" : {
    "transaction" : "admin-login",
    "sampleCount" : 49,
    "errorCount" : 0,
    "errorPct" : 0.0,
    "meanResTime" : 1431.1632653061222,
    "medianResTime" : 1450.0,
    "minResTime" : 889.0,
    "maxResTime" : 1862.0,
    "pct1ResTime" : 1774.0,
    "pct2ResTime" : 1818.5,
    "pct3ResTime" : 1862.0,
    "throughput" : 17.883211678832115,
    "receivedKBytesPerSec" : 11.872006158759124,
    "sentKBytesPerSec" : 8.243042883211679
  }
}