{
  "past-exams-examiner" : {
    "transaction" : "past-exams-examiner",
    "sampleCount" : 40,
    "errorCount" : 0,
    "errorPct" : 0.0,
    "meanResTime" : 978.7750000000001,
    "medianResTime" : 970.5,
    "minResTime" : 887.0,
    "maxResTime" : 1369.0,
    "pct1ResTime" : 1022.0,
    "pct2ResTime" : 1282.1999999999994,
    "pct3ResTime" : 1369.0,
    "throughput" : 2.5534631343759977,
    "receivedKBytesPerSec" : 2.696097989147782,
    "sentKBytesPerSec" : 1.6682293329077562
  },
  "upcoming-exams-examiner" : {
    "transaction" : "upcoming-exams-examiner",
    "sampleCount" : 100,
    "errorCount" : 0,
    "errorPct" : 0.0,
    "meanResTime" : 964.2799999999997,
    "medianResTime" : 923.5,
    "minResTime" : 889.0,
    "maxResTime" : 1371.0,
    "pct1ResTime" : 1153.4,
    "pct2ResTime" : 1270.85,
    "pct3ResTime" : 1370.99,
    "throughput" : 4.249893752656183,
    "receivedKBytesPerSec" : 2.854152279005525,
    "sentKBytesPerSec" : 2.85788753718657
  },
  "all-questions-examiner" : {
    "transaction" : "all-questions-examiner",
    "sampleCount" : 80,
    "errorCount" : 0,
    "errorPct" : 0.0,
    "meanResTime" : 2959.9375000000005,
    "medianResTime" : 2904.0,
    "minResTime" : 1243.0,
    "maxResTime" : 4141.0,
    "pct1ResTime" : 3940.9,
    "pct2ResTime" : 4032.4500000000003,
    "pct3ResTime" : 4141.0,
    "throughput" : 2.692333580130578,
    "receivedKBytesPerSec" : 572.7051011307801,
    "sentKBytesPerSec" : 1.804967776132463
  },
  "upcoming-exams-limit-5-examiner" : {
    "transaction" : "upcoming-exams-limit-5-examiner",
    "sampleCount" : 20,
    "errorCount" : 0,
    "errorPct" : 0.0,
    "meanResTime" : 687.2499999999999,
    "medianResTime" : 676.5,
    "minResTime" : 663.0,
    "maxResTime" : 845.0,
    "pct1ResTime" : 697.5,
    "pct2ResTime" : 837.6499999999999,
    "pct3ResTime" : 845.0,
    "throughput" : 16.129032258064516,
    "receivedKBytesPerSec" : 13.210370463709678,
    "sentKBytesPerSec" : 10.316910282258064
  },
  "past-exams-limit-5-examiner" : {
    "transaction" : "past-exams-limit-5-examiner",
    "sampleCount" : 40,
    "errorCount" : 0,
    "errorPct" : 0.0,
    "meanResTime" : 685.775,
    "medianResTime" : 683.5,
    "minResTime" : 660.0,
    "maxResTime" : 732.0,
    "pct1ResTime" : 703.3,
    "pct2ResTime" : 712.6999999999999,
    "pct3ResTime" : 732.0,
    "throughput" : 2.4777006937561943,
    "receivedKBytesPerSec" : 1.438953713453915,
    "sentKBytesPerSec" : 1.638089228196234
  },
  "fetch-exam-examiner/1" : {
    "transaction" : "fetch-exam-examiner/1",
    "sampleCount" : 20,
    "errorCount" : 0,
    "errorPct" : 0.0,
    "meanResTime" : 677.4,
    "medianResTime" : 677.5,
    "minResTime" : 663.0,
    "maxResTime" : 694.0,
    "pct1ResTime" : 689.5,
    "pct2ResTime" : 693.8,
    "pct3ResTime" : 694.0,
    "throughput" : 15.09433962264151,
    "receivedKBytesPerSec" : 20.73555424528302,
    "sentKBytesPerSec" : 9.507665094339623
  },
  "create-session" : {
    "transaction" : "create-session",
    "sampleCount" : 19,
    "errorCount" : 0,
    "errorPct" : 0.0,
    "meanResTime" : 1062.5789473684208,
    "medianResTime" : 1094.0,
    "minResTime" : 883.0,
    "maxResTime" : 1302.0,
    "pct1ResTime" : 1252.0,
    "pct2ResTime" : 1302.0,
    "pct3ResTime" : 1302.0,
    "throughput" : 9.051929490233444,
    "receivedKBytesPerSec" : 6.025934969032872,
    "sentKBytesPerSec" : 4.375688571939018
  },
  "https://eexam-five.vercel.app/" : {
    "transaction" : "https://eexam-five.vercel.app/",
    "sampleCount" : 20,
    "errorCount" : 0,
    "errorPct" : 0.0,
    "meanResTime" : 5118.650000000001,
    "medianResTime" : 5168.0,
    "minResTime" : 4647.0,
    "maxResTime" : 5519.0,
    "pct1ResTime" : 5420.5,
    "pct2ResTime" : 5514.25,
    "pct3ResTime" : 5519.0,
    "throughput" : 3.4891835310537336,
    "receivedKBytesPerSec" : 5471.572694958129,
    "sentKBytesPerSec" : 14.638215282623866
  },
  "get-examiner/MMM" : {
    "transaction" : "get-examiner/MMM",
    "sampleCount" : 20,
    "errorCount" : 0,
    "errorPct" : 0.0,
    "meanResTime" : 473.3,
    "medianResTime" : 457.5,
    "minResTime" : 448.0,
    "maxResTime" : 570.0,
    "pct1ResTime" : 562.3000000000001,
    "pct2ResTime" : 569.8,
    "pct3ResTime" : 570.0,
    "throughput" : 9.229349330872173,
    "receivedKBytesPerSec" : 5.278935452238118,
    "sentKBytesPerSec" : 5.7683433317951085
  },
  "update-exam/3" : {
    "transaction" : "update-exam/3",
    "sampleCount" : 40,
    "errorCount" : 40,
    "errorPct" : 100.0,
    "meanResTime" : 852.25,
    "medianResTime" : 853.5,
    "minResTime" : 716.0,
    "maxResTime" : 927.0,
    "pct1ResTime" : 923.0,
    "pct2ResTime" : 925.9,
    "pct3ResTime" : 927.0,
    "throughput" : 9.168003667201466,
    "receivedKBytesPerSec" : 4.044128180151271,
    "sentKBytesPerSec" : 18.82842940637176
  },
  "/upcoming-exams-limit-5-examiner" : {
    "transaction" : "/upcoming-exams-limit-5-examiner",
    "sampleCount" : 20,
    "errorCount" : 0,
    "errorPct" : 0.0,
    "meanResTime" : 680.1,
    "medianResTime" : 679.0,
    "minResTime" : 667.0,
    "maxResTime" : 696.0,
    "pct1ResTime" : 695.8,
    "pct2ResTime" : 696.0,
    "pct3ResTime" : 696.0,
    "throughput" : 8.594757198109154,
    "receivedKBytesPerSec" : 2.7253102170176193,
    "sentKBytesPerSec" : 5.934075526428878
  },
  "upcoming-exams" : {
    "transaction" : "upcoming-exams",
    "sampleCount" : 40,
    "errorCount" : 0,
    "errorPct" : 0.0,
    "meanResTime" : 536.7249999999997,
    "medianResTime" : 472.0,
    "minResTime" : 446.0,
    "maxResTime" : 644.0,
    "pct1ResTime" : 638.8,
    "pct2ResTime" : 641.9,
    "pct3ResTime" : 644.0,
    "throughput" : 2.488645554656878,
    "receivedKBytesPerSec" : 1.4137159366639707,
    "sentKBytesPerSec" : 1.6137311018478193
  },
  "create-question" : {
    "transaction" : "create-question",
    "sampleCount" : 20,
    "errorCount" : 0,
    "errorPct" : 0.0,
    "meanResTime" : 921.0500000000001,
    "medianResTime" : 918.5,
    "minResTime" : 902.0,
    "maxResTime" : 983.0,
    "pct1ResTime" : 942.0,
    "pct2ResTime" : 981.0,
    "pct3ResTime" : 983.0,
    "throughput" : 12.894906511927788,
    "receivedKBytesPerSec" : 10.208887411347519,
    "sentKBytesPerSec" : 11.04378223726628
  },
  "fetch-exam-examiner/3" : {
    "transaction" : "fetch-exam-examiner/3",
    "sampleCount" : 20,
    "errorCount" : 0,
    "errorPct" : 0.0,
    "meanResTime" : 816.0499999999998,
    "medianResTime" : 878.5,
    "minResTime" : 689.0,
    "maxResTime" : 922.0,
    "pct1ResTime" : 883.9,
    "pct2ResTime" : 920.1,
    "pct3ResTime" : 922.0,
    "throughput" : 6.029544769369913,
    "receivedKBytesPerSec" : 10.726583697618329,
    "sentKBytesPerSec" : 3.7979066174253844
  },
  "Test" : {
    "transaction" : "Test",
    "sampleCount" : 20,
    "errorCount" : 20,
    "errorPct" : 100.0,
    "meanResTime" : 36093.8,
    "medianResTime" : 36349.5,
    "minResTime" : 34082.0,
    "maxResTime" : 37774.0,
    "pct1ResTime" : 37049.8,
    "pct2ResTime" : 37738.3,
    "pct3ResTime" : 37774.0,
    "throughput" : 0.5253066477556274,
    "receivedKBytesPerSec" : 1278.9896424303313,
    "sentKBytesPerSec" : 13.017242369920941
  },
  "Total" : {
    "transaction" : "Total",
    "sampleCount" : 699,
    "errorCount" : 60,
    "errorPct" : 8.583691,
    "meanResTime" : 1497.6981402002873,
    "medianResTime" : 905.0,
    "minResTime" : 22.0,
    "maxResTime" : 5519.0,
    "pct1ResTime" : 4583.0,
    "pct2ResTime" : 5012.0,
    "pct3ResTime" : 5290.0,
    "throughput" : 17.390655321689806,
    "receivedKBytesPerSec" : 2381.970247036249,
    "sentKBytesPerSec" : 15.619679126548737
  },