{
  "past-exams-examiner" : {
    "transaction" : "past-exams-examiner",
    "sampleCount" : 400,
    "errorCount" : 0,
    "errorPct" : 0.0,
    "meanResTime" : 3028.4525,
    "medianResTime" : 2950.0,
    "minResTime" : 902.0,
    "maxResTime" : 10787.0,
    "pct1ResTime" : 5020.8,
    "pct2ResTime" : 5778.45,
    "pct3ResTime" : 6824.870000000003,
    "throughput" : 3.34235769912096,
    "receivedKBytesPerSec" : 3.5293697932333967,
    "sentKBytesPerSec" : 2.1836301764764863
  },
  "upcoming-exams-examiner" : {
    "transaction" : "upcoming-exams-examiner",
    "sampleCount" : 1000,
    "errorCount" : 1,
    "errorPct" : 0.1,
    "meanResTime" : 3140.181000000003,
    "medianResTime" : 2962.5,
    "minResTime" : 935.0,
    "maxResTime" : 21048.0,
    "pct1ResTime" : 4882.8,
    "pct2ResTime" : 5524.049999999998,
    "pct3ResTime" : 6501.76,
    "throughput" : 7.461851285303884,
    "receivedKBytesPerSec" : 5.03039538484498,
    "sentKBytesPerSec" : 5.012709922863113
  },
  "all-questions-examiner" : {
    "transaction" : "all-questions-examiner",
    "sampleCount" : 800,
    "errorCount" : 0,
    "errorPct" : 0.0,
    "meanResTime" : 8703.842499999995,
    "medianResTime" : 9310.5,
    "minResTime" : 1350.0,
    "maxResTime" : 19914.0,
    "pct1ResTime" : 12030.0,
    "pct2ResTime" : 13144.549999999997,
    "pct3ResTime" : 15267.02,
    "throughput" : 5.7331642049892855,
    "receivedKBytesPerSec" : 2558.0860164429837,
    "sentKBytesPerSec" : 3.8435715104737747
  },
  "upcoming-exams-limit-5-examiner" : {
    "transaction" : "upcoming-exams-limit-5-examiner",
    "sampleCount" : 200,
    "errorCount" : 0,
    "errorPct" : 0.0,
    "meanResTime" : 3215.675000000001,
    "medianResTime" : 2561.0,
    "minResTime" : 668.0,
    "maxResTime" : 18358.0,
    "pct1ResTime" : 6926.500000000002,
    "pct2ResTime" : 7407.75,
    "pct3ResTime" : 18277.610000000004,
    "throughput" : 2.754176019389399,
    "receivedKBytesPerSec" : 2.255949880881887,
    "sentKBytesPerSec" : 1.7617043874023988
  },
  "past-exams-limit-5-examiner" : {
    "transaction" : "past-exams-limit-5-examiner",
    "sampleCount" : 400,
    "errorCount" : 0,
    "errorPct" : 0.0,
    "meanResTime" : 1887.8275000000012,
    "medianResTime" : 1643.5,
    "minResTime" : 669.0,
    "maxResTime" : 4864.0,
    "pct1ResTime" : 3122.4,
    "pct2ResTime" : 3738.5499999999993,
    "pct3ResTime" : 4370.74,
    "throughput" : 3.4025468062845037,
    "receivedKBytesPerSec" : 1.9763181413162754,
    "sentKBytesPerSec" : 2.249535339701767
  },
  "fetch-exam-examiner/1" : {
    "transaction" : "fetch-exam-examiner/1",
    "sampleCount" : 200,
    "errorCount" : 0,
    "errorPct" : 0.0,
    "meanResTime" : 2428.7449999999994,
    "medianResTime" : 2018.5,
    "minResTime" : 671.0,
    "maxResTime" : 5987.0,
    "pct1ResTime" : 4344.8,
    "pct2ResTime" : 4428.2,
    "pct3ResTime" : 5436.150000000001,
    "throughput" : 2.158684929141167,
    "receivedKBytesPerSec" : 2.9656409877602563,
    "sentKBytesPerSec" : 1.3597185344688016
  },
  "create-session" : {
    "transaction" : "create-session",
    "sampleCount" : 199,
    "errorCount" : 61,
    "errorPct" : 30.653267,
    "meanResTime" : 8672.271356783922,
    "medianResTime" : 4065.0,
    "minResTime" : 1110.0,
    "maxResTime" : 21057.0,
    "pct1ResTime" : 21046.0,
    "pct2ResTime" : 21049.0,
    "pct3ResTime" : 21055.0,
    "throughput" : 9.031086907193103,
    "receivedKBytesPerSec" : 12.028138827433628,
    "sentKBytesPerSec" : 3.02741022804629
  },
  "https://eexam-five.vercel.app/" : {
    "transaction" : "https://eexam-five.vercel.app/",
    "sampleCount" : 200,
    "errorCount" : 157,
    "errorPct" : 78.5,
    "meanResTime" : 47350.71500000001,
    "medianResTime" : 42086.5,
    "minResTime" : 14102.0,
    "maxResTime" : 97580.0,
    "pct1ResTime" : 66950.6,
    "pct2ResTime" : 79917.8,
    "pct3ResTime" : 96761.86000000015,
    "throughput" : 1.9758550512734385,
    "receivedKBytesPerSec" : 757.5833857140741,
    "sentKBytesPerSec" : 2.4598816524569758
  },
  "get-examiner/MMM" : {
    "transaction" : "get-examiner/MMM",
    "sampleCount" : 200,
    "errorCount" : 0,
    "errorPct" : 0.0,
    "meanResTime" : 1474.32,
    "medianResTime" : 1150.0,
    "minResTime" : 453.0,
    "maxResTime" : 4388.0,
    "pct1ResTime" : 2969.7000000000003,
    "pct2ResTime" : 3169.2499999999995,
    "pct3ResTime" : 4334.960000000005,
    "throughput" : 1.9949726688744365,
    "receivedKBytesPerSec" : 1.1412451559569885,
    "sentKBytesPerSec" : 1.246857918046523
  },
  "update-exam/3" : {
    "transaction" : "update-exam/3",
    "sampleCount" : 400,
    "errorCount" : 400,
    "errorPct" : 100.0,
    "meanResTime" : 2295.015,
    "medianResTime" : 2319.5,
    "minResTime" : 698.0,
    "maxResTime" : 4765.0,
    "pct1ResTime" : 3752.8,
    "pct2ResTime" : 4025.85,
    "pct3ResTime" : 4484.010000000001,
    "throughput" : 4.139586869230451,
    "receivedKBytesPerSec" : 1.8261682366912282,
    "sentKBytesPerSec" : 8.50151483006996
  },
  "/upcoming-exams-limit-5-examiner" : {
    "transaction" : "/upcoming-exams-limit-5-examiner",
    "sampleCount" : 200,
    "errorCount" : 0,
    "errorPct" : 0.0,
    "meanResTime" : 1680.805000000001,
    "medianResTime" : 1316.0,
    "minResTime" : 699.0,
    "maxResTime" : 4351.0,
    "pct1ResTime" : 3106.500000000001,
    "pct2ResTime" : 3776.65,
    "pct3ResTime" : 4346.82,
    "throughput" : 2.0092425155716294,
    "receivedKBytesPerSec" : 0.6372869888989351,
    "sentKBytesPerSec" : 1.387240682137834
  },
  "upcoming-exams" : {
    "transaction" : "upcoming-exams",
    "sampleCount" : 400,
    "errorCount" : 57,
    "errorPct" : 14.25,
    "meanResTime" : 3971.8525,
    "medianResTime" : 925.5,
    "minResTime" : 453.0,
    "maxResTime" : 21052.0,
    "pct1ResTime" : 21037.0,
    "pct2ResTime" : 21041.95,
    "pct3ResTime" : 21050.0,
    "throughput" : 3.430678845576568,
    "receivedKBytesPerSec" : 3.181870872464514,
    "sentKBytesPerSec" : 1.8951652890346928
  },
  "create-question" : {
    "transaction" : "create-question",
    "sampleCount" : 200,
    "errorCount" : 0,
    "errorPct" : 0.0,
    "meanResTime" : 3323.4449999999997,
    "medianResTime" : 2990.5,
    "minResTime" : 902.0,
    "maxResTime" : 7212.0,
    "pct1ResTime" : 5995.8,
    "pct2ResTime" : 6369.65,
    "pct3ResTime" : 6765.59,
    "throughput" : 2.1836921867493557,
    "receivedKBytesPerSec" : 1.7290406494300565,
    "sentKBytesPerSec" : 1.8702129372843606
  },
  "fetch-exam-examiner/3" : {
    "transaction" : "fetch-exam-examiner/3",
    "sampleCount" : 200,
    "errorCount" : 0,
    "errorPct" : 0.0,
    "meanResTime" : 2071.590000000002,
    "medianResTime" : 1971.5,
    "minResTime" : 734.0,
    "maxResTime" : 4787.0,
    "pct1ResTime" : 3612.5,
    "pct2ResTime" : 3965.8999999999996,
    "pct3ResTime" : 4761.780000000001,
    "throughput" : 2.1104170184028366,
    "receivedKBytesPerSec" : 3.7546049958846868,
    "sentKBytesPerSec" : 1.3293154070994428
  },
  "Test" : {
    "transaction" : "Test",
    "sampleCount" : 200,
    "errorCount" : 200,
    "errorPct" : 100.0,
    "meanResTime" : 149841.385,
    "medianResTime" : 146806.0,
    "minResTime" : 89809.0,
    "maxResTime" : 176376.0,
    "pct1ResTime" : 173684.2,
    "pct2ResTime" : 175058.0,
    "pct3ResTime" : 175974.32,
    "throughput" : 1.1285089575398504,
    "receivedKBytesPerSec" : 2688.171330582593,
    "sentKBytesPerSec" : 24.248318257158978
  },
  "Total" : {
    "transaction" : "Total",
    "sampleCount" : 5987,
    "errorCount" : 1007,
    "errorPct" : 16.819777,
    "meanResTime" : 7436.378820778317,
    "medianResTime" : 2938.0,
    "minResTime" : 25.0,
    "maxResTime" : 97580.0,
    "pct1ResTime" : 21039.0,