{
  "delete-student" : {
    "transaction" : "delete-student",
    "sampleCount" : 20,
    "errorCount" : 0,
    "errorPct" : 0.0,
    "meanResTime" : 696.3,
    "medianResTime" : 690.5,
    "minResTime" : 670.0,
    "maxResTime" : 771.0,
    "pct1ResTime" : 733.7,
    "pct2ResTime" : 769.15,
    "pct3ResTime" : 771.0,
    "throughput" : 8.853474988933156,
    "receivedKBytesPerSec" : 3.833623837981408,
    "sentKBytesPerSec" : 6.337497233289066
  },
  "all-students" : {
    "transaction" : "all-students",
    "sampleCount" : 20,
    "errorCount" : 0,
    "errorPct" : 0.0,
    "meanResTime" : 491.15000000000003,
    "medianResTime" : 477.0,
    "minResTime" : 449.0,
    "maxResTime" : 568.0,
    "pct1ResTime" : 559.0,
    "pct2ResTime" : 567.55,
    "pct3ResTime" : 568.0,
    "throughput" : 2.9717682020802374,
    "receivedKBytesPerSec" : 1.5973254086181277,
    "sentKBytesPerSec" : 1.9182995913818721
  },
  "upcoming-exams" : {
    "transaction" : "upcoming-exams",
    "sampleCount" : 10,
    "errorCount" : 0,
    "errorPct" : 0.0,
    "meanResTime" : 481.7,
    "medianResTime" : 462.5,
    "minResTime" : 450.0,
    "maxResTime" : 567.0,
    "pct1ResTime" : 564.0,
    "pct2ResTime" : 567.0,
    "pct3ResTime" : 567.0,
    "throughput" : 9.442870632672332,
    "receivedKBytesPerSec" : 7.6852425637393775,
    "sentKBytesPerSec" : 5.874129485363551
  },
  "Test" : {
    "transaction" : "Test",
    "sampleCount" : 10,
    "errorCount" : 10,
    "errorPct" : 100.0,
    "meanResTime" : 6969.099999999999,
    "medianResTime" : 7025.0,
    "minResTime" : 6770.0,
    "maxResTime" : 7174.0,
    "pct1ResTime" : 7170.3,
    "pct2ResTime" : 7174.0,
    "pct3ResTime" : 7174.0,
    "throughput" : 1.2963443090484832,
    "receivedKBytesPerSec" : 9.006048256416904,
    "sentKBytesPerSec" : 9.812465565854291
  },
  "all-examiners" : {
    "transaction" : "all-examiners",
    "sampleCount" : 10,
    "errorCount" : 0,
    "errorPct" : 0.0,
    "meanResTime" : 484.2,
    "medianResTime" : 475.5,
    "minResTime" : 460.0,
    "maxResTime" : 529.0,
    "pct1ResTime" : 529.0,
    "pct2ResTime" : 529.0,
    "pct3ResTime" : 529.0,
    "throughput" : 7.49063670411985,
    "receivedKBytesPerSec" : 12.782361891385769,
    "sentKBytesPerSec" : 4.652387640449438
  },
  "Total" : {
    "transaction" : "Total",
    "sampleCount" : 109,
    "errorCount" : 40,
    "errorPct" : 36.697247,
    "meanResTime" : 631.3027522935777,
    "medianResTime" : 540.0,
    "minResTime" : 449.0,
    "maxResTime" : 1139.0,
    "pct1ResTime" : 985.0,
    "pct2ResTime" : 1079.0,
    "pct3ResTime" : 1136.4,
    "throughput" : 14.093612619601759,
    "receivedKBytesPerSec" : 8.89689601111973,
    "sentKBytesPerSec" : 9.727491837988104
  },
  "create-examiner" : {
    "transaction" : "create-examiner",
    "sampleCount" : 10,
    "errorCount" : 10,
    "errorPct" : 100.0,
    "meanResTime" : 575.8999999999999,
    "medianResTime" : 551.0,
    "minResTime" : 520.0,
    "maxResTime" : 679.0,
    "pct1ResTime" : 678.7,
    "pct2ResTime" : 679.0,
    "pct3ResTime" : 679.0,
    "throughput" : 8.32639467110741,
    "receivedKBytesPerSec" : 4.1664498334721065,
    "sentKBytesPerSec" : 7.001001769358867
  },
  "create-student" : {
    "transaction" : "create-student",
    "sampleCount" : 10,
    "errorCount" : 10,
    "errorPct" : 100.0,
    "meanResTime" : 1056.4,
    "medianResTime" : 1079.0,
    "minResTime" : 956.0,
    "maxResTime" : 1139.0,
    "pct1ResTime" : 1136.4,
    "pct2ResTime" : 1139.0,
    "pct3ResTime" : 1139.0,
    "throughput" : 5.359056806002144,
    "receivedKBytesPerSec" : 2.7182559619506965,
    "sentKBytesPerSec" : 4.715341974812433
  },
  "delete-examiner" : {
    "transaction" : "delete-examiner",
    "sampleCount" : 20,
    "errorCount" : 20,
    "errorPct" : 100.0,
    "meanResTime" : 546.8999999999999,
    "medianResTime" : 508.0,
    "minResTime" : 476.0,
    "maxResTime" : 784.0,
    "pct1ResTime" : 691.0,
    "pct2ResTime" : 779.4499999999999,
    "pct3ResTime" : 784.0,
    "throughput" : 10.863661053775122,
    "receivedKBytesPerSec" : 4.426093155893536,
    "sentKBytesPerSec" : 7.723384030418251
  },
  "admin-login" : {
    "transaction" : "admin-login",
    "sampleCount" : 9,
    "errorCount" : 0,
    "errorPct" : 0.0,
    "meanResTime" : 904.7777777777778,
    "medianResTime" : 868.0,
    "minResTime" : 846.0,
    "maxResTime" : 1010.0,
    "pct1ResTime" : 1010.0,
    "pct2ResTime" : 1010.0,
    "pct3ResTime" : 1010.0,
    "throughput" : 4.712041884816754,
    "receivedKBytesPerSec" : 3.1260225785340316,
    "sentKBytesPerSec" : 2.1719568062827226
  }
}